{
  "name": "privacy-aware-rag-frontend",
  "version": "1.0.0",
  "description": "Privacy-Aware RAG Frontend Application",
  "private": true,
  "dependencies": {
    "@heroicons/react": "^2.0.18",
    "@testing-library/jest-dom": "^5.17.0",
    "@testing-library/react": "^13.4.0",
    "@testing-library/user-event": "^14.5.1",
    "axios": "^1.6.0",
    "react": "^18.2.0",
    "react-dom": "^18.2.0",
    "react-router-dom": "^6.8.0",
    "react-scripts": "5.0.1",
    "web-vitals": "^2.1.4"
  },
  "devDependencies": {
    "autoprefixer": "^10.4.16",
    "postcss": "^8.4.31",
    "tailwindcss": "^3.3.5"
  },
  "scripts": {
    "start": "react-scripts start",
    "build": "react-scripts build",
    "test": "react-scripts test",
    "eject": "react-scripts eject"
  },
  "eslintConfig": {
    "extends": [
      "react-app",
      "react-app/jest"
    ]
  },
  "browserslist": {
    "production": [
      ">0.2%",
      "not dead",
      "not op_mini all"
    ],
    "development": [
      "last 1 chrome version",
      "last 1 firefox version",
      "last 1 safari version"
    ]
  },
  "proxy": "http://localhost:3001"
}